src,dataset
2010_001313.jpg,pascal
2008_002379.jpg,pascal
2007_009436.jpg,pascal
2008_005713.jpg,pascal
2010_000174.jpg,pascal
2009_002635.jpg,pascal
2011_002391.jpg,pascal
2007_008543.jpg,pascal
2010_004210.jpg,pascal
2010_001184.jpg,pascal
2007_008403.jpg,pascal
2009_001264.jpg,pascal
2007_000793.jpg,pascal
2010_005978.jpg,pascal
2009_002285.jpg,pascal
2009_001433.jpg,pascal
2009_000887.jpg,pascal
2008_002942.jpg,pascal
2010_003597.jpg,pascal
2007_000783.jpg,pascal
2007_001761.jpg,pascal
2008_006353.jpg,pascal
2008_001566.jpg,pascal
2009_002153.jpg,pascal
2010_005501.jpg,pascal
2011_001060.jpg,pascal
2007_005074.jpg,pascal
2007_004468.jpg,pascal
2010_004938.jpg,pascal
2008_001632.jpg,pascal
2008_003577.jpg,pascal
2009_001636.jpg,pascal
2011_002149.jpg,pascal
2007_006866.jpg,pascal
2007_001884.jpg,pascal
2009_001804.jpg,pascal
2008_004101.jpg,pascal
2010_002147.jpg,pascal
2010_005663.jpg,pascal
2010_005317.jpg,pascal
2011_002381.jpg,pascal
2010_001177.jpg,pascal
2008_003155.jpg,pascal
2008_000495.jpg,pascal
2011_000412.jpg,pascal
2011_002851.jpg,pascal
2011_002975.jpg,pascal
2008_001523.jpg,pascal
2007_009245.jpg,pascal
2008_003926.jpg,pascal
2008_003876.jpg,pascal
2007_002903.jpg,pascal
2009_004980.jpg,pascal
2007_000032.jpg,pascal
2011_002956.jpg,pascal
2009_004507.jpg,pascal
2011_000025.jpg,pascal
2011_002114.jpg,pascal
2009_005217.jpg,pascal
2010_004994.jpg,pascal
2011_001114.jpg,pascal
2010_003402.jpg,pascal
2008_008550.jpg,pascal
2007_004902.jpg,pascal
2011_001868.jpg,pascal
2011_002590.jpg,pascal
2009_000335.jpg,pascal
2008_008521.jpg,pascal
2007_009759.jpg,pascal
2007_005600.jpg,pascal
2008_004995.jpg,pascal
2010_002457.jpg,pascal
2009_003378.jpg,pascal
2008_000290.jpg,pascal
2008_001971.jpg,pascal
2008_005839.jpg,pascal
2007_006865.jpg,pascal
2008_003461.jpg,pascal
2009_004859.jpg,pascal
2009_001443.jpg,pascal
2010_005877.jpg,pascal
2009_003522.jpg,pascal
2007_000033.jpg,pascal
2007_007878.jpg,pascal
2008_004575.jpg,pascal
2011_002222.jpg,pascal
2010_000572.jpg,pascal
2011_001263.jpg,pascal
2009_004091.jpg,pascal
2011_001988.jpg,pascal
2007_000452.jpg,pascal
2010_002763.jpg,pascal
2011_001447.jpg,pascal
2008_002894.jpg,pascal
2010_004041.jpg,pascal
2009_000032.jpg,pascal
2009_000801.jpg,pascal
2007_006660.jpg,pascal
2007_003205.jpg,pascal
2007_007447.jpg,pascal
2007_009521.jpg,pascal
2010_005775.jpg,pascal
2010_004419.jpg,pascal
2007_003571.jpg,pascal
2011_002002.jpg,pascal
2008_007804.jpg,pascal
2008_005953.jpg,pascal
2010_002107.jpg,pascal
2008_001375.jpg,pascal
2007_004065.jpg,pascal
2011_000944.jpg,pascal
2009_005177.jpg,pascal
2010_004370.jpg,pascal
2010_000318.jpg,pascal
2008_006055.jpg,pascal
2007_002565.jpg,pascal
2010_004154.jpg,pascal
2009_004455.jpg,pascal
2011_000359.jpg,pascal
2008_000197.jpg,pascal
2007_002266.jpg,pascal
2009_000029.jpg,pascal
2010_002030.jpg,pascal
2008_001402.jpg,pascal
2009_000996.jpg,pascal
2007_001698.jpg,pascal
2008_005706.jpg,pascal
2008_006434.jpg,pascal
2007_003841.jpg,pascal
2007_005911.jpg,pascal
2010_005534.jpg,pascal
2010_006070.jpg,pascal
2009_003007.jpg,pascal
2009_002448.jpg,pascal
2009_002599.jpg,pascal
2008_005727.jpg,pascal
2011_001133.jpg,pascal
2011_003003.jpg,pascal
2010_003062.jpg,pascal
2009_000028.jpg,pascal
2009_002072.jpg,pascal
2011_000793.jpg,pascal
2009_002171.jpg,pascal
2007_004476.jpg,pascal
2008_002043.jpg,pascal
2008_000391.jpg,pascal
2010_002902.jpg,pascal
2008_004704.jpg,pascal
2010_005810.jpg,pascal
2009_004987.jpg,pascal
2009_002844.jpg,pascal
2008_001235.jpg,pascal
2009_004171.jpg,pascal
2009_004278.jpg,pascal
2011_000178.jpg,pascal
2009_004886.jpg,pascal
2009_004895.jpg,pascal
2011_000453.jpg,pascal
2007_001677.jpg,pascal
2007_002597.jpg,pascal
2007_000363.jpg,pascal
2008_001135.jpg,pascal
2007_002198.jpg,pascal
2007_004988.jpg,pascal
2009_002567.jpg,pascal
2007_005262.jpg,pascal
2008_001439.jpg,pascal
2009_003088.jpg,pascal
2007_009630.jpg,pascal
2009_000354.jpg,pascal
2010_004005.jpg,pascal
2009_003080.jpg,pascal
2007_000256.jpg,pascal
2008_006216.jpg,pascal
2010_003446.jpg,pascal
2007_001457.jpg,pascal
2010_000552.jpg,pascal
2011_000713.jpg,pascal
2007_006581.jpg,pascal
2010_002142.jpg,pascal
2008_006140.jpg,pascal
2007_003088.jpg,pascal
2009_002346.jpg,pascal
2011_002224.jpg,pascal
2009_002343.jpg,pascal
2007_000804.jpg,pascal
2008_005600.jpg,pascal
2009_003034.jpg,pascal
2008_006065.jpg,pascal
2009_001765.jpg,pascal
2007_002216.jpg,pascal
2010_005513.jpg,pascal
2011_001924.jpg,pascal
2008_001741.jpg,pascal
2008_001514.jpg,pascal
2010_003203.jpg,pascal
2011_001407.jpg,pascal
2010_002017.jpg,pascal
2007_003621.jpg,pascal
2009_002789.jpg,pascal
2007_006241.jpg,pascal
2008_007472.jpg,pascal
2007_003101.jpg,pascal
2011_000830.jpg,pascal
2009_003224.jpg,pascal
2007_005702.jpg,pascal
2009_002862.jpg,pascal
2010_003168.jpg,pascal
2010_005762.jpg,pascal
2010_003157.jpg,pascal
2008_005525.jpg,pascal
2010_003820.jpg,pascal
2008_000584.jpg,pascal
2011_000278.jpg,pascal
2009_002808.jpg,pascal
2010_001206.jpg,pascal
2011_003085.jpg,pascal
2009_000662.jpg,pascal
2007_007341.jpg,pascal
2007_003451.jpg,pascal
2009_001422.jpg,pascal
2007_009068.jpg,pascal
2010_005644.jpg,pascal
2010_003302.jpg,pascal
2010_004825.jpg,pascal
2008_003270.jpg,pascal
2009_000440.jpg,pascal
2009_001625.jpg,pascal
2009_000161.jpg,pascal
2007_007836.jpg,pascal
2007_009088.jpg,pascal
2007_009323.jpg,pascal
2010_003381.jpg,pascal
2007_005608.jpg,pascal
2008_001208.jpg,pascal
2009_003646.jpg,pascal
2008_002429.jpg,pascal
2009_002530.jpg,pascal
2009_000013.jpg,pascal
2007_005304.jpg,pascal
2007_007007.jpg,pascal
2010_001413.jpg,pascal
2008_006480.jpg,pascal
2011_000503.jpg,pascal
2009_000103.jpg,pascal
2011_001624.jpg,pascal
2009_004334.jpg,pascal
2010_005284.jpg,pascal
2007_008764.jpg,pascal
2007_006317.jpg,pascal
2007_002719.jpg,pascal
2007_005273.jpg,pascal
2007_007795.jpg,pascal
2007_002403.jpg,pascal
2011_002110.jpg,pascal
2010_002536.jpg,pascal
2009_003549.jpg,pascal
2007_003431.jpg,pascal
2007_005844.jpg,pascal
2007_002539.jpg,pascal
2010_001386.jpg,pascal
2008_003480.jpg,pascal
2007_002234.jpg,pascal
2010_005952.jpg,pascal
2010_004283.jpg,pascal
2010_000492.jpg,pascal
2010_003239.jpg,pascal
2008_000284.jpg,pascal
2009_002229.jpg,pascal
2010_002137.jpg,pascal
2010_003971.jpg,pascal
2011_001775.jpg,pascal
2009_002295.jpg,pascal
2009_000503.jpg,pascal
2009_005031.jpg,pascal
2007_006490.jpg,pascal
2009_004994.jpg,pascal
2009_000351.jpg,pascal
2011_003066.jpg,pascal
2007_005296.jpg,pascal
2008_004140.jpg,pascal
2007_006477.jpg,pascal
2010_002228.jpg,pascal
2010_000622.jpg,pascal
2011_001862.jpg,pascal
2009_004882.jpg,pascal
2008_007811.jpg,pascal
2007_009422.jpg,pascal
2009_001278.jpg,pascal
2008_005716.jpg,pascal
2009_003904.jpg,pascal
2008_007737.jpg,pascal
2010_003495.jpg,pascal
2008_004055.jpg,pascal
2007_003349.jpg,pascal
2008_003369.jpg,pascal
2010_004288.jpg,pascal
2011_000258.jpg,pascal
2010_005664.jpg,pascal
2008_008541.jpg,pascal
2008_003101.jpg,pascal
2011_000882.jpg,pascal
2009_002604.jpg,pascal
2008_006408.jpg,pascal
2007_006605.jpg,pascal
2010_002499.jpg,pascal
2010_005596.jpg,pascal
2011_002715.jpg,pascal
2010_005277.jpg,pascal
2008_007219.jpg,pascal
2009_003005.jpg,pascal
2008_000911.jpg,pascal
2011_001794.jpg,pascal
2010_001016.jpg,pascal
2009_004568.jpg,pascal
2009_004890.jpg,pascal
2010_001807.jpg,pascal
2009_004248.jpg,pascal
2011_002322.jpg,pascal
2008_003511.jpg,pascal
2011_002223.jpg,pascal
2009_005120.jpg,pascal
2007_005281.jpg,pascal
2007_007930.jpg,pascal
2007_005547.jpg,pascal
2010_001820.jpg,pascal
2009_004317.jpg,pascal
2007_009015.jpg,pascal
2008_003196.jpg,pascal
2011_000893.jpg,pascal
2007_001311.jpg,pascal
2009_002487.jpg,pascal
2008_001640.jpg,pascal
2009_003071.jpg,pascal
2008_007357.jpg,pascal
2010_004348.jpg,pascal
2009_003146.jpg,pascal
2009_003343.jpg,pascal
2007_008415.jpg,pascal
2008_007378.jpg,pascal
2009_000318.jpg,pascal
2007_008927.jpg,pascal
2009_000731.jpg,pascal
2007_003711.jpg,pascal
2007_003330.jpg,pascal
2008_008268.jpg,pascal
2009_000998.jpg,pascal
2011_002135.jpg,pascal
2011_001754.jpg,pascal
2008_002467.jpg,pascal
2009_001850.jpg,pascal
2009_005260.jpg,pascal
2007_007585.jpg,pascal
2010_000907.jpg,pascal
2008_002152.jpg,pascal
2011_002685.jpg,pascal
2009_003849.jpg,pascal
2008_002221.jpg,pascal
2010_001010.jpg,pascal
2007_000129.jpg,pascal
2008_001580.jpg,pascal
2009_002749.jpg,pascal
2008_006325.jpg,pascal
2007_001288.jpg,pascal
2010_002032.jpg,pascal
2009_004328.jpg,pascal
2011_001536.jpg,pascal
2007_002376.jpg,pascal
2007_004291.jpg,pascal
2008_001896.jpg,pascal
2011_001287.jpg,pascal
2008_004750.jpg,pascal
2009_002727.jpg,pascal
2010_005252.jpg,pascal
2008_004080.jpg,pascal
2007_004500.jpg,pascal
2007_005064.jpg,pascal
2011_003025.jpg,pascal
2007_002896.jpg,pascal
2009_000991.jpg,pascal
2009_003498.jpg,pascal
2008_006213.jpg,pascal
2007_004810.jpg,pascal
2008_008469.jpg,pascal
2007_001709.jpg,pascal
2007_000241.jpg,pascal
2010_003798.jpg,pascal
2010_003746.jpg,pascal
2009_003311.jpg,pascal
2008_007048.jpg,pascal
2008_001610.jpg,pascal
2010_005128.jpg,pascal
2011_000481.jpg,pascal
2009_001019.jpg,pascal
2010_003132.jpg,pascal
2009_003636.jpg,pascal
2008_006108.jpg,pascal
2009_003696.jpg,pascal
2009_001283.jpg,pascal
2009_002264.jpg,pascal
2010_000195.jpg,pascal
2010_001732.jpg,pascal
2007_000727.jpg,pascal
2007_000243.jpg,pascal
2009_001565.jpg,pascal
2009_002320.jpg,pascal
2009_001775.jpg,pascal
2010_001036.jpg,pascal
2009_004021.jpg,pascal
2011_002111.jpg,pascal
2010_005223.jpg,pascal
2010_005106.jpg,pascal
2009_001390.jpg,pascal
2007_004009.jpg,pascal
2009_000626.jpg,pascal
2008_002160.jpg,pascal
2011_002548.jpg,pascal
2009_001082.jpg,pascal
2010_000065.jpg,pascal
2007_003118.jpg,pascal
2009_001197.jpg,pascal
2009_004425.jpg,pascal
2011_001764.jpg,pascal
2009_005016.jpg,pascal
2008_003576.jpg,pascal
2010_001174.jpg,pascal
2008_004910.jpg,pascal
2011_000999.jpg,pascal
2010_004598.jpg,pascal
2008_000019.jpg,pascal
2007_009897.jpg,pascal
2009_001411.jpg,pascal
2010_003365.jpg,pascal
2009_002887.jpg,pascal
2009_005130.jpg,pascal
2011_001434.jpg,pascal
2009_001332.jpg,pascal
2008_006877.jpg,pascal
2008_000107.jpg,pascal
2007_000572.jpg,pascal
2009_000641.jpg,pascal
2008_004654.jpg,pascal
2011_001632.jpg,pascal
2011_002358.jpg,pascal
2010_002573.jpg,pascal
2010_002363.jpg,pascal
2011_001589.jpg,pascal
2008_008629.jpg,pascal
2007_000061.jpg,pascal
2008_000711.jpg,pascal
2008_001013.jpg,pascal
2007_006900.jpg,pascal
2009_000285.jpg,pascal
2009_003858.jpg,pascal
2007_006281.jpg,pascal
2010_002792.jpg,pascal
2007_009911.jpg,pascal
2007_001630.jpg,pascal
2010_004361.jpg,pascal
2009_000919.jpg,pascal
2009_001871.jpg,pascal
2010_004063.jpg,pascal
2009_001536.jpg,pascal
2009_004072.jpg,pascal
2009_002314.jpg,pascal
2009_004247.jpg,pascal
2008_003769.jpg,pascal
2008_006229.jpg,pascal
2008_000501.jpg,pascal
2010_001576.jpg,pascal
2008_000103.jpg,pascal
2011_002929.jpg,pascal
2007_003143.jpg,pascal
2008_000105.jpg,pascal
2008_006703.jpg,pascal
2007_007021.jpg,pascal
2010_001849.jpg,pascal
2010_003017.jpg,pascal
2008_003110.jpg,pascal
2010_003093.jpg,pascal
2010_004683.jpg,pascal
2010_000855.jpg,pascal
2007_005828.jpg,pascal
2010_003453.jpg,pascal
2010_004721.jpg,pascal
2011_001653.jpg,pascal
2010_000885.jpg,pascal
2009_003504.jpg,pascal
2011_000108.jpg,pascal
2008_006482.jpg,pascal
2009_001693.jpg,pascal
2010_006034.jpg,pascal
2007_009030.jpg,pascal
2007_007783.jpg,pascal
2008_006490.jpg,pascal
2008_000131.jpg,pascal
2010_000675.jpg,pascal
2008_006526.jpg,pascal
2008_001513.jpg,pascal
2007_009331.jpg,pascal
2010_004072.jpg,pascal
2009_004561.jpg,pascal
2009_003703.jpg,pascal
2007_005509.jpg,pascal
2009_002588.jpg,pascal
2007_009607.jpg,pascal
2010_001043.jpg,pascal
2011_002578.jpg,pascal
2010_000906.jpg,pascal
2007_005988.jpg,pascal
2008_006722.jpg,pascal
2011_001463.jpg,pascal
2011_002932.jpg,pascal
2007_001595.jpg,pascal
2010_000131.jpg,pascal
2009_001124.jpg,pascal
2011_002713.jpg,pascal
2007_000346.jpg,pascal
2009_001314.jpg,pascal
2007_005107.jpg,pascal
2009_004653.jpg,pascal
2010_004472.jpg,pascal
2010_000404.jpg,pascal
2010_000437.jpg,pascal
2009_005089.jpg,pascal
2008_000400.jpg,pascal
2009_005219.jpg,pascal
2007_009706.jpg,pascal
2008_002719.jpg,pascal
2008_006554.jpg,pascal
2009_001145.jpg,pascal
2010_004697.jpg,pascal
2010_000628.jpg,pascal
2008_001188.jpg,pascal
2007_000529.jpg,pascal
2010_003534.jpg,pascal
2010_004120.jpg,pascal
2007_006946.jpg,pascal
2008_000120.jpg,pascal
2007_004510.jpg,pascal
2010_001922.jpg,pascal
2007_009562.jpg,pascal
2009_001311.jpg,pascal
2009_002423.jpg,pascal
2010_004556.jpg,pascal
2010_005835.jpg,pascal
2009_000532.jpg,pascal
2008_000361.jpg,pascal
2010_000342.jpg,pascal
2010_002025.jpg,pascal
2008_005812.jpg,pascal
2007_009687.jpg,pascal
2009_001403.jpg,pascal
2010_004109.jpg,pascal
2010_005725.jpg,pascal
2007_000648.jpg,pascal
2007_006086.jpg,pascal
2009_001255.jpg,pascal
2008_003373.jpg,pascal
2007_000584.jpg,pascal
2010_000187.jpg,pascal
2008_002504.jpg,pascal
2007_001185.jpg,pascal
2010_001061.jpg,pascal
2011_001710.jpg,pascal
2009_000176.jpg,pascal
2007_008714.jpg,pascal
2009_003123.jpg,pascal
2009_001854.jpg,pascal
2009_004140.jpg,pascal
2009_003164.jpg,pascal
2008_004758.jpg,pascal
2010_003915.jpg,pascal
2009_002239.jpg,pascal
2008_000832.jpg,pascal
2007_007003.jpg,pascal
2009_004656.jpg,pascal
2011_000512.jpg,pascal
2010_000238.jpg,pascal
2010_003127.jpg,pascal
2008_002681.jpg,pascal
2011_000900.jpg,pascal
2010_005428.jpg,pascal
2009_000006.jpg,pascal
2008_004822.jpg,pascal
2007_004769.jpg,pascal
2008_003381.jpg,pascal
2007_002953.jpg,pascal
2009_003353.jpg,pascal
2010_001767.jpg,pascal
2009_000505.jpg,pascal
2009_003922.jpg,pascal
2007_008645.jpg,pascal
2011_000149.jpg,pascal
2007_008815.jpg,pascal
2010_005582.jpg,pascal
2008_003701.jpg,pascal
2009_003799.jpg,pascal
2008_000015.jpg,pascal
2010_005202.jpg,pascal
2008_000123.jpg,pascal
2011_001880.jpg,pascal
2007_009533.jpg,pascal
2009_002010.jpg,pascal
2010_005401.jpg,pascal
2007_000713.jpg,pascal
2007_007432.jpg,pascal
2008_005262.jpg,pascal
2008_003703.jpg,pascal
2008_002358.jpg,pascal
2008_007120.jpg,pascal
2009_002928.jpg,pascal
2008_002269.jpg,pascal
2010_000148.jpg,pascal
2009_005231.jpg,pascal
2011_002503.jpg,pascal
2009_000149.jpg,pascal
2010_002935.jpg,pascal
2008_000673.jpg,pascal
2007_000738.jpg,pascal
2009_000133.jpg,pascal
2009_004590.jpg,pascal
2009_002628.jpg,pascal
2009_003193.jpg,pascal
2011_000513.jpg,pascal
2010_003468.jpg,pascal
2008_001592.jpg,pascal
2007_003188.jpg,pascal
2010_005506.jpg,pascal
2009_000488.jpg,pascal
2008_000716.jpg,pascal
2011_001135.jpg,pascal
2009_003519.jpg,pascal
2009_004117.jpg,pascal
2008_007858.jpg,pascal
2010_005718.jpg,pascal
2008_005845.jpg,pascal
2008_004607.jpg,pascal
2007_005813.jpg,pascal
2008_002338.jpg,pascal
2010_005836.jpg,pascal
2007_004866.jpg,pascal
2007_009295.jpg,pascal
2011_002327.jpg,pascal
2007_000830.jpg,pascal
2008_000028.jpg,pascal
2010_000392.jpg,pascal
2007_006076.jpg,pascal
2011_002050.jpg,pascal
2007_002024.jpg,pascal
2011_001991.jpg,pascal
2010_005419.jpg,pascal
2010_003894.jpg,pascal
2007_003503.jpg,pascal
2008_002929.jpg,pascal
2010_002070.jpg,pascal
2007_000559.jpg,pascal
2010_004365.jpg,pascal
2011_001161.jpg,pascal
2008_003329.jpg,pascal
2010_002413.jpg,pascal
2009_004417.jpg,pascal
2011_001139.jpg,pascal
2008_002885.jpg,pascal
2009_003450.jpg,pascal
2008_004363.jpg,pascal
2007_002099.jpg,pascal
2009_004867.jpg,pascal
2011_001652.jpg,pascal
2008_000075.jpg,pascal
2010_003547.jpg,pascal
2007_000068.jpg,pascal
2008_002864.jpg,pascal
2007_006444.jpg,pascal
2010_005876.jpg,pascal
2010_005111.jpg,pascal
2011_002754.jpg,pascal
2007_008084.jpg,pascal
2007_009322.jpg,pascal
2010_004314.jpg,pascal
2007_003917.jpg,pascal
2010_002900.jpg,pascal
2011_000556.jpg,pascal
2007_000837.jpg,pascal
2011_002509.jpg,pascal
2009_004620.jpg,pascal
2010_002379.jpg,pascal
2009_004228.jpg,pascal
2008_001387.jpg,pascal
2009_002052.jpg,pascal
2009_002382.jpg,pascal
2009_001160.jpg,pascal
2007_004705.jpg,pascal
2007_007591.jpg,pascal
2008_007194.jpg,pascal
2010_002892.jpg,pascal
2011_000069.jpg,pascal
2010_002336.jpg,pascal
2008_006339.jpg,pascal
2008_007143.jpg,pascal
2008_003777.jpg,pascal
2010_003772.jpg,pascal
2008_005512.jpg,pascal
2010_004171.jpg,pascal
2011_002873.jpg,pascal
2007_007084.jpg,pascal
2010_001367.jpg,pascal
2010_001070.jpg,pascal
2009_001663.jpg,pascal
2011_001027.jpg,pascal
2009_001481.jpg,pascal
2011_002064.jpg,pascal
2007_007480.jpg,pascal
2008_008682.jpg,pascal
2008_007165.jpg,pascal
2010_002512.jpg,pascal
2008_004551.jpg,pascal
2010_002693.jpg,pascal
2007_002120.jpg,pascal
2011_000551.jpg,pascal
2011_001346.jpg,pascal
2009_003468.jpg,pascal
2007_008260.jpg,pascal
2007_009458.jpg,pascal
2007_005368.jpg,pascal
2009_002888.jpg,pascal
2011_002295.jpg,pascal
2010_005705.jpg,pascal
2008_003477.jpg,pascal
2007_008747.jpg,pascal
2008_007994.jpg,pascal
2010_005508.jpg,pascal
2010_004625.jpg,pascal
2010_004258.jpg,pascal
2011_003057.jpg,pascal
2007_009258.jpg,pascal
2010_005187.jpg,pascal
2008_005338.jpg,pascal
2010_000063.jpg,pascal
2007_008932.jpg,pascal
2010_001773.jpg,pascal
2010_002811.jpg,pascal
2009_003075.jpg,pascal
2010_002527.jpg,pascal
2010_002532.jpg,pascal
2010_004429.jpg,pascal
2008_000515.jpg,pascal
2010_004815.jpg,pascal
2008_003976.jpg,pascal
2010_002361.jpg,pascal
2011_001812.jpg,pascal
2007_004481.jpg,pascal
2008_000533.jpg,pascal
2011_000112.jpg,pascal
2008_004701.jpg,pascal
2008_003729.jpg,pascal
2009_000553.jpg,pascal
2011_000843.jpg,pascal
2008_000595.jpg,pascal
2008_003774.jpg,pascal
2007_006232.jpg,pascal
2009_003043.jpg,pascal
2008_007350.jpg,pascal
2007_002619.jpg,pascal
2009_004446.jpg,pascal
2007_009794.jpg,pascal
2009_000690.jpg,pascal
2010_000874.jpg,pascal
2010_004520.jpg,pascal
2010_000559.jpg,pascal
2009_003065.jpg,pascal
2010_003925.jpg,pascal
2011_000573.jpg,pascal
2010_005160.jpg,pascal
2009_004904.jpg,pascal
2008_002212.jpg,pascal
2010_000285.jpg,pascal
2010_003799.jpg,pascal
2007_001408.jpg,pascal
2011_001875.jpg,pascal
2007_002260.jpg,pascal
2008_005321.jpg,pascal
2010_003088.jpg,pascal
2007_007698.jpg,pascal
2007_006212.jpg,pascal
2009_000205.jpg,pascal
2007_003195.jpg,pascal
2009_002521.jpg,pascal
2009_003697.jpg,pascal
2008_008301.jpg,pascal
2011_002279.jpg,pascal
2009_001027.jpg,pascal
2007_007235.jpg,pascal
2007_004459.jpg,pascal
2011_000243.jpg,pascal
2011_000208.jpg,pascal
2009_003369.jpg,pascal
2009_003707.jpg,pascal
2010_002387.jpg,pascal
2010_004540.jpg,pascal
2010_000632.jpg,pascal
2007_000250.jpg,pascal
2009_001851.jpg,pascal
2008_000033.jpg,pascal
2009_000201.jpg,pascal
2010_003275.jpg,pascal
2010_000372.jpg,pascal
2008_005541.jpg,pascal
2010_003250.jpg,pascal
2011_003145.jpg,pascal
2008_003108.jpg,pascal
2011_000768.jpg,pascal
2009_000457.jpg,pascal
2011_002675.jpg,pascal
2010_000160.jpg,pascal
2010_003737.jpg,pascal
2011_000585.jpg,pascal
2008_008511.jpg,pascal
2007_000904.jpg,pascal
2010_004180.jpg,pascal
2008_000505.jpg,pascal
2010_002815.jpg,pascal
2010_002310.jpg,pascal
2008_006349.jpg,pascal
2009_002571.jpg,pascal
2009_005189.jpg,pascal
2007_003682.jpg,pascal
2009_002535.jpg,pascal
2007_004558.jpg,pascal
2009_001683.jpg,pascal
2010_002440.jpg,pascal
2008_006254.jpg,pascal
2008_000764.jpg,pascal
2008_000578.jpg,pascal
2010_000469.jpg,pascal
2010_003123.jpg,pascal
2010_002203.jpg,pascal
2007_008980.jpg,pascal
2011_000934.jpg,pascal
2008_003362.jpg,pascal
2007_007818.jpg,pascal
2009_001718.jpg,pascal
2008_001040.jpg,pascal
2007_003251.jpg,pascal
2009_003345.jpg,pascal
2009_000573.jpg,pascal
2009_004721.jpg,pascal
2010_005927.jpg,pascal
2008_002064.jpg,pascal
2010_001995.jpg,pascal
2011_000268.jpg,pascal
2008_002835.jpg,pascal
2010_000887.jpg,pascal
2009_002265.jpg,pascal
2010_002939.jpg,pascal
2007_009654.jpg,pascal
2007_007196.jpg,pascal
2007_005264.jpg,pascal
2007_001027.jpg,pascal
2009_004790.jpg,pascal
2010_002139.jpg,pascal
2010_001017.jpg,pascal
2007_009139.jpg,pascal
2011_000874.jpg,pascal
2011_001336.jpg,pascal
2010_001024.jpg,pascal
2008_002551.jpg,pascal
2008_003546.jpg,pascal
2011_002504.jpg,pascal
2009_001339.jpg,pascal
2011_000185.jpg,pascal
2009_003971.jpg,pascal
2009_004748.jpg,pascal
2010_003680.jpg,pascal
2008_003886.jpg,pascal
2011_000222.jpg,pascal
2007_002227.jpg,pascal
2008_004441.jpg,pascal
2010_001120.jpg,pascal
2010_000269.jpg,pascal
2011_000226.jpg,pascal
2010_005344.jpg,pascal
2010_001183.jpg,pascal
2007_002046.jpg,pascal
2010_002055.jpg,pascal
2008_005197.jpg,pascal
2010_005353.jpg,pascal
2009_003860.jpg,pascal
2008_004026.jpg,pascal
2008_007402.jpg,pascal
2009_002912.jpg,pascal
2010_000163.jpg,pascal
2009_000387.jpg,pascal
2009_003569.jpg,pascal
2008_001546.jpg,pascal
2009_000405.jpg,pascal
2009_004789.jpg,pascal
2010_002150.jpg,pascal
2007_007624.jpg,pascal
2011_000813.jpg,pascal
2011_000027.jpg,pascal
2009_005190.jpg,pascal
2007_007470.jpg,pascal
2010_005888.jpg,pascal
2009_001768.jpg,pascal
2009_000385.jpg,pascal
2011_000469.jpg,pascal
2009_005156.jpg,pascal
2008_000785.jpg,pascal
2007_000762.jpg,pascal
2011_003019.jpg,pascal
2009_000655.jpg,pascal
2007_002545.jpg,pascal
2009_002586.jpg,pascal
2011_001519.jpg,pascal
2007_008106.jpg,pascal
2008_002200.jpg,pascal
2011_000658.jpg,pascal
2008_000725.jpg,pascal
2009_002932.jpg,pascal
2007_009779.jpg,pascal
2009_002238.jpg,pascal
2008_006528.jpg,pascal
2009_002543.jpg,pascal
2010_001279.jpg,pascal
2008_000567.jpg,pascal
2007_009817.jpg,pascal
2010_002988.jpg,pascal
2008_007581.jpg,pascal
2008_000861.jpg,pascal
2010_002786.jpg,pascal
2009_005137.jpg,pascal
2010_000748.jpg,pascal
2007_009348.jpg,pascal
2008_004097.jpg,pascal
2007_006553.jpg,pascal
2010_002018.jpg,pascal
2010_002868.jpg,pascal
2011_001753.jpg,pascal
2009_003269.jpg,pascal
2010_003097.jpg,pascal
2011_000661.jpg,pascal
2010_001457.jpg,pascal
2009_002519.jpg,pascal
2011_001432.jpg,pascal
2007_001568.jpg,pascal
2010_005166.jpg,pascal
2010_003716.jpg,pascal
2007_004143.jpg,pascal
2009_000879.jpg,pascal
2008_001719.jpg,pascal
2008_001531.jpg,pascal
2009_002262.jpg,pascal
2011_000482.jpg,pascal
2011_002308.jpg,pascal
2008_008343.jpg,pascal
2010_004208.jpg,pascal
2010_001514.jpg,pascal
2010_002200.jpg,pascal
2011_000054.jpg,pascal
2009_001096.jpg,pascal
2010_004119.jpg,pascal
2007_008670.jpg,pascal
2009_004939.jpg,pascal
2011_000598.jpg,pascal
2010_004620.jpg,pascal
2009_000664.jpg,pascal
2008_002032.jpg,pascal
2007_001825.jpg,pascal
2009_000938.jpg,pascal
2009_002204.jpg,pascal
2007_008204.jpg,pascal
2009_004409.jpg,pascal
2007_006449.jpg,pascal
2009_000562.jpg,pascal
2009_002626.jpg,pascal
2011_001601.jpg,pascal
2010_001850.jpg,pascal
2007_000504.jpg,pascal
2007_009938.jpg,pascal
2007_004052.jpg,pascal
2010_000772.jpg,pascal
2008_002080.jpg,pascal
2009_000828.jpg,pascal
2009_004626.jpg,pascal
2009_003991.jpg,pascal
2008_003998.jpg,pascal
2007_004193.jpg,pascal
2007_003778.jpg,pascal
2010_003531.jpg,pascal
2008_004453.jpg,pascal
2008_007828.jpg,pascal
2010_004763.jpg,pascal
2010_000682.jpg,pascal
2009_004084.jpg,pascal
2011_000419.jpg,pascal
2009_004099.jpg,pascal
2009_002914.jpg,pascal
2010_004948.jpg,pascal
2008_001119.jpg,pascal
000000098503.jpg,coco
000000325157.jpg,coco
000000354572.jpg,coco
000000097982.jpg,coco
000000523164.jpg,coco
000000081379.jpg,coco
000000534892.jpg,coco
000000127629.jpg,coco
000000448205.jpg,coco
000000216038.jpg,coco
000000250677.jpg,coco
000000313385.jpg,coco
000000230038.jpg,coco
000000529786.jpg,coco
000000247487.jpg,coco
000000007503.jpg,coco
000000162346.jpg,coco
000000519906.jpg,coco
000000392957.jpg,coco
000000387599.jpg,coco
000000280764.jpg,coco
000000393675.jpg,coco
000000139009.jpg,coco
000000280766.jpg,coco
000000370718.jpg,coco
000000427783.jpg,coco
000000218784.jpg,coco
000000530683.jpg,coco
000000142803.jpg,coco
000000517764.jpg,coco
000000531591.jpg,coco
000000085434.jpg,coco
000000436992.jpg,coco
000000551994.jpg,coco
000000114424.jpg,coco
000000373898.jpg,coco
000000426229.jpg,coco
000000127576.jpg,coco
000000363853.jpg,coco
000000007932.jpg,coco
000000297868.jpg,coco
000000322870.jpg,coco
000000092192.jpg,coco
000000004608.jpg,coco
000000428629.jpg,coco
000000102451.jpg,coco
000000100482.jpg,coco
000000438575.jpg,coco
000000234387.jpg,coco
000000440709.jpg,coco
000000352601.jpg,coco
000000023631.jpg,coco
000000334327.jpg,coco
000000280823.jpg,coco
000000259170.jpg,coco
000000418315.jpg,coco
000000220951.jpg,coco
000000141429.jpg,coco
000000294049.jpg,coco
000000578466.jpg,coco
000000081099.jpg,coco
000000121006.jpg,coco
000000080624.jpg,coco
000000290656.jpg,coco
000000114061.jpg,coco
000000095659.jpg,coco
000000237383.jpg,coco
000000356479.jpg,coco
000000476342.jpg,coco
000000514839.jpg,coco
000000391662.jpg,coco
000000018201.jpg,coco
000000507782.jpg,coco
000000426532.jpg,coco
000000335125.jpg,coco
000000152628.jpg,coco
000000552237.jpg,coco
000000255674.jpg,coco
000000032708.jpg,coco
000000399054.jpg,coco
000000256951.jpg,coco
000000458637.jpg,coco
000000264092.jpg,coco
000000064196.jpg,coco
000000331667.jpg,coco
000000445192.jpg,coco
000000204994.jpg,coco
000000009469.jpg,coco
000000320472.jpg,coco
000000107564.jpg,coco
000000574506.jpg,coco
000000432770.jpg,coco
000000490701.jpg,coco
000000364006.jpg,coco
000000000831.jpg,coco
000000363594.jpg,coco
000000024247.jpg,coco
000000202431.jpg,coco
000000067186.jpg,coco
000000115721.jpg,coco
000000250990.jpg,coco
000000482699.jpg,coco
000000239586.jpg,coco
000000304063.jpg,coco
000000167963.jpg,coco
000000483484.jpg,coco
000000166529.jpg,coco
000000098322.jpg,coco
000000527887.jpg,coco
000000410168.jpg,coco
000000554100.jpg,coco
000000194012.jpg,coco
000000563734.jpg,coco
000000553116.jpg,coco
000000116696.jpg,coco
000000187914.jpg,coco
000000224104.jpg,coco
000000028038.jpg,coco
000000344735.jpg,coco
000000470393.jpg,coco
000000380979.jpg,coco
000000159446.jpg,coco
000000158105.jpg,coco
000000347403.jpg,coco
000000177160.jpg,coco
000000519105.jpg,coco
000000091667.jpg,coco
000000046978.jpg,coco
000000392781.jpg,coco
000000397582.jpg,coco
000000164076.jpg,coco
000000176955.jpg,coco
000000381890.jpg,coco
000000566945.jpg,coco
000000473256.jpg,coco
000000286511.jpg,coco
000000138284.jpg,coco
000000512152.jpg,coco
000000154496.jpg,coco
000000177413.jpg,coco
000000402042.jpg,coco
000000442301.jpg,coco
000000035979.jpg,coco
000000058708.jpg,coco
000000420524.jpg,coco
000000065207.jpg,coco
000000553918.jpg,coco
000000363272.jpg,coco
000000335481.jpg,coco
000000506075.jpg,coco
000000422017.jpg,coco
000000031446.jpg,coco
000000331474.jpg,coco
000000440311.jpg,coco
000000461835.jpg,coco
000000075023.jpg,coco
000000386967.jpg,coco
000000417980.jpg,coco
000000357208.jpg,coco
000000187287.jpg,coco
000000319332.jpg,coco
000000254129.jpg,coco
000000218114.jpg,coco
000000516043.jpg,coco
000000334867.jpg,coco
000000460575.jpg,coco
000000147319.jpg,coco
000000580374.jpg,coco
000000200745.jpg,coco
000000189193.jpg,coco
000000280909.jpg,coco
000000296243.jpg,coco
000000322056.jpg,coco
000000297078.jpg,coco
000000497296.jpg,coco
000000527353.jpg,coco
000000186461.jpg,coco
000000473575.jpg,coco
000000048893.jpg,coco
000000267611.jpg,coco
000000154846.jpg,coco
000000017585.jpg,coco
000000383359.jpg,coco
000000032464.jpg,coco
000000055637.jpg,coco
000000326098.jpg,coco
000000422758.jpg,coco
000000369418.jpg,coco
000000497969.jpg,coco
000000554886.jpg,coco
000000365068.jpg,coco
000000281688.jpg,coco
000000541464.jpg,coco
000000559303.jpg,coco
000000256199.jpg,coco
000000294663.jpg,coco
000000434193.jpg,coco
000000252283.jpg,coco
000000563692.jpg,coco
000000171848.jpg,coco
000000539180.jpg,coco
000000536237.jpg,coco
000000221116.jpg,coco
000000168854.jpg,coco
000000458093.jpg,coco
000000468279.jpg,coco
000000351036.jpg,coco
000000399956.jpg,coco
000000434662.jpg,coco
000000287748.jpg,coco
000000496073.jpg,coco
000000265382.jpg,coco
000000011877.jpg,coco
000000533032.jpg,coco
000000508724.jpg,coco
000000329055.jpg,coco
000000541313.jpg,coco
000000057265.jpg,coco
000000513456.jpg,coco
000000475120.jpg,coco
000000238345.jpg,coco
000000048974.jpg,coco
000000049933.jpg,coco
000000105075.jpg,coco
000000358281.jpg,coco
000000193025.jpg,coco
000000410190.jpg,coco
000000547052.jpg,coco
000000210175.jpg,coco
000000483757.jpg,coco
000000520879.jpg,coco
000000009171.jpg,coco
000000278323.jpg,coco
000000297615.jpg,coco
000000014167.jpg,coco
000000034866.jpg,coco
000000285957.jpg,coco
000000109046.jpg,coco
000000422809.jpg,coco
000000461557.jpg,coco
000000447080.jpg,coco
000000200439.jpg,coco
000000384232.jpg,coco
000000139612.jpg,coco
000000416878.jpg,coco
000000266010.jpg,coco
000000568000.jpg,coco
000000527899.jpg,coco
000000010321.jpg,coco
000000251375.jpg,coco
000000095999.jpg,coco
000000341385.jpg,coco
000000174603.jpg,coco
000000390326.jpg,coco
000000279948.jpg,coco
000000241211.jpg,coco
000000253335.jpg,coco
000000496444.jpg,coco
000000149434.jpg,coco
000000541117.jpg,coco
000000556145.jpg,coco
000000107862.jpg,coco
000000200678.jpg,coco
000000104543.jpg,coco
000000460326.jpg,coco
000000045026.jpg,coco
000000225036.jpg,coco
000000144079.jpg,coco
000000577207.jpg,coco
000000003103.jpg,coco
000000266517.jpg,coco
000000469941.jpg,coco
000000059351.jpg,coco
000000169155.jpg,coco
000000192039.jpg,coco
000000437965.jpg,coco
000000061535.jpg,coco
000000062761.jpg,coco
000000493114.jpg,coco
000000223078.jpg,coco
000000464921.jpg,coco
000000201116.jpg,coco
000000384058.jpg,coco
000000531453.jpg,coco
000000068003.jpg,coco
000000157653.jpg,coco
000000496339.jpg,coco
000000579267.jpg,coco
000000202402.jpg,coco
000000135270.jpg,coco
000000099785.jpg,coco
000000296033.jpg,coco
000000270406.jpg,coco
000000072737.jpg,coco
000000174399.jpg,coco
000000185287.jpg,coco
000000051620.jpg,coco
000000431139.jpg,coco
000000403736.jpg,coco
000000409667.jpg,coco
000000344255.jpg,coco
000000302117.jpg,coco
000000211546.jpg,coco
000000048944.jpg,coco
000000181053.jpg,coco
000000560757.jpg,coco
000000076765.jpg,coco
000000351793.jpg,coco
000000305686.jpg,coco
000000420221.jpg,coco
000000478227.jpg,coco
000000081853.jpg,coco
000000200572.jpg,coco
000000186730.jpg,coco
000000536027.jpg,coco
000000473250.jpg,coco
000000114500.jpg,coco
000000533402.jpg,coco
000000345884.jpg,coco
000000492040.jpg,coco
000000230777.jpg,coco
000000558900.jpg,coco
000000081743.jpg,coco
000000020070.jpg,coco
000000144804.jpg,coco
000000458487.jpg,coco
000000097682.jpg,coco
000000545696.jpg,coco
000000118690.jpg,coco
000000227456.jpg,coco
000000082255.jpg,coco
000000344597.jpg,coco
000000100142.jpg,coco
000000033672.jpg,coco
000000249120.jpg,coco
000000435814.jpg,coco
000000530706.jpg,coco
000000378204.jpg,coco
000000124684.jpg,coco
000000308496.jpg,coco
000000247180.jpg,coco
000000078737.jpg,coco
000000180169.jpg,coco
000000117400.jpg,coco
000000490511.jpg,coco
000000534887.jpg,coco
000000553753.jpg,coco
000000006627.jpg,coco
000000453541.jpg,coco
000000213242.jpg,coco
000000231628.jpg,coco
000000203236.jpg,coco
000000130972.jpg,coco
000000421619.jpg,coco
000000459644.jpg,coco
000000185247.jpg,coco
000000131764.jpg,coco
000000225579.jpg,coco
000000154868.jpg,coco
000000176179.jpg,coco
000000504306.jpg,coco
000000462398.jpg,coco
000000286081.jpg,coco
000000386783.jpg,coco
000000118022.jpg,coco
000000065195.jpg,coco
000000402562.jpg,coco
000000296374.jpg,coco
000000468115.jpg,coco
000000276956.jpg,coco
000000100560.jpg,coco
000000276874.jpg,coco
000000063900.jpg,coco
000000461847.jpg,coco
000000027441.jpg,coco
000000410707.jpg,coco
000000465670.jpg,coco
000000550512.jpg,coco
000000019399.jpg,coco
000000231845.jpg,coco
000000049378.jpg,coco
000000124279.jpg,coco
000000384049.jpg,coco
000000491904.jpg,coco
000000112707.jpg,coco
000000177064.jpg,coco
000000197407.jpg,coco
000000400361.jpg,coco
000000039654.jpg,coco
000000336708.jpg,coco
000000050290.jpg,coco
000000017153.jpg,coco
000000047242.jpg,coco
000000526091.jpg,coco
000000486628.jpg,coco
000000320234.jpg,coco
000000431136.jpg,coco
000000260982.jpg,coco
000000109679.jpg,coco
000000048784.jpg,coco
000000469896.jpg,coco
000000332333.jpg,coco
000000258330.jpg,coco
000000107541.jpg,coco
000000066839.jpg,coco
000000224112.jpg,coco
000000470398.jpg,coco
000000173682.jpg,coco
000000387045.jpg,coco
000000169287.jpg,coco
000000066574.jpg,coco
000000490093.jpg,coco
000000160001.jpg,coco
000000186821.jpg,coco
000000427756.jpg,coco
000000169514.jpg,coco
000000095034.jpg,coco
000000461983.jpg,coco
000000539055.jpg,coco
000000086378.jpg,coco
000000042493.jpg,coco
000000056983.jpg,coco
000000400475.jpg,coco
000000558808.jpg,coco
000000231080.jpg,coco
000000011340.jpg,coco
000000575929.jpg,coco
000000410109.jpg,coco
000000295945.jpg,coco
000000096573.jpg,coco
000000452359.jpg,coco
000000366111.jpg,coco
000000433715.jpg,coco
000000259497.jpg,coco
000000419856.jpg,coco
000000496548.jpg,coco
000000042690.jpg,coco
000000537128.jpg,coco
000000357769.jpg,coco
000000439072.jpg,coco
000000161328.jpg,coco
000000025467.jpg,coco
000000265128.jpg,coco
000000561653.jpg,coco
000000421406.jpg,coco
000000197322.jpg,coco
000000451352.jpg,coco
000000051500.jpg,coco
000000133727.jpg,coco
000000210749.jpg,coco
000000331198.jpg,coco
000000392209.jpg,coco
000000027282.jpg,coco
000000444171.jpg,coco
000000510371.jpg,coco
000000143188.jpg,coco
000000160840.jpg,coco
000000540681.jpg,coco
000000307869.jpg,coco
000000386341.jpg,coco
000000318179.jpg,coco
000000131721.jpg,coco
000000384834.jpg,coco
000000009105.jpg,coco
000000318570.jpg,coco
000000566514.jpg,coco
000000363522.jpg,coco
000000051302.jpg,coco
000000352361.jpg,coco
000000335138.jpg,coco
000000519631.jpg,coco
000000301747.jpg,coco
000000284770.jpg,coco
000000310561.jpg,coco
000000427133.jpg,coco
000000361021.jpg,coco
000000236182.jpg,coco
000000236818.jpg,coco
000000105079.jpg,coco
000000340008.jpg,coco
000000232544.jpg,coco
000000238603.jpg,coco
000000254004.jpg,coco
000000237324.jpg,coco
000000238488.jpg,coco
000000325487.jpg,coco
000000011461.jpg,coco
000000547247.jpg,coco
000000501293.jpg,coco
000000532457.jpg,coco
000000127339.jpg,coco
000000524486.jpg,coco
000000062204.jpg,coco
000000144388.jpg,coco
000000416482.jpg,coco
000000407159.jpg,coco
000000493698.jpg,coco
000000181422.jpg,coco
000000094334.jpg,coco
000000357242.jpg,coco
000000335709.jpg,coco
000000425072.jpg,coco
000000561913.jpg,coco
000000459665.jpg,coco
000000024689.jpg,coco
000000236509.jpg,coco
000000101960.jpg,coco
000000350668.jpg,coco
000000052233.jpg,coco
000000432378.jpg,coco
000000501534.jpg,coco
000000408204.jpg,coco
000000108272.jpg,coco
000000087443.jpg,coco
000000331093.jpg,coco
000000286016.jpg,coco
000000373212.jpg,coco
000000350171.jpg,coco
000000440093.jpg,coco
000000520486.jpg,coco
000000533159.jpg,coco
000000058270.jpg,coco
000000192787.jpg,coco
000000261458.jpg,coco
000000562347.jpg,coco
000000126044.jpg,coco
000000112849.jpg,coco
000000297880.jpg,coco
000000055237.jpg,coco
000000003236.jpg,coco
000000327935.jpg,coco
000000139248.jpg,coco
000000049275.jpg,coco
000000544629.jpg,coco
000000572252.jpg,coco
000000026427.jpg,coco
000000227495.jpg,coco
000000540682.jpg,coco
000000232801.jpg,coco
000000184520.jpg,coco
000000362971.jpg,coco
000000382350.jpg,coco
000000012733.jpg,coco
000000064684.jpg,coco
000000318967.jpg,coco
000000223129.jpg,coco
000000279588.jpg,coco
000000055723.jpg,coco
000000108463.jpg,coco
000000322738.jpg,coco
000000142689.jpg,coco
000000088897.jpg,coco
000000235864.jpg,coco
000000068525.jpg,coco
000000508896.jpg,coco
000000262145.jpg,coco
000000552204.jpg,coco
000000134290.jpg,coco
000000408957.jpg,coco
000000004772.jpg,coco
000000506258.jpg,coco
000000188646.jpg,coco
000000353754.jpg,coco
000000572926.jpg,coco
000000484110.jpg,coco
000000579813.jpg,coco
000000462289.jpg,coco
000000440310.jpg,coco
000000038662.jpg,coco
000000229598.jpg,coco
000000450173.jpg,coco
000000039888.jpg,coco
000000122731.jpg,coco
000000286698.jpg,coco
000000182659.jpg,coco
000000576218.jpg,coco
000000367257.jpg,coco
000000216386.jpg,coco
000000525039.jpg,coco
000000168527.jpg,coco
000000248579.jpg,coco
000000308792.jpg,coco
000000198717.jpg,coco
000000408840.jpg,coco
000000465476.jpg,coco
000000011227.jpg,coco
000000271183.jpg,coco
000000555361.jpg,coco
000000052094.jpg,coco
000000571392.jpg,coco
000000528351.jpg,coco
000000027424.jpg,coco
000000185830.jpg,coco
000000489818.jpg,coco
000000578441.jpg,coco
000000331379.jpg,coco
000000013278.jpg,coco
000000456705.jpg,coco
000000476074.jpg,coco
000000396420.jpg,coco
000000472282.jpg,coco
000000131919.jpg,coco
000000463101.jpg,coco
000000049268.jpg,coco
000000269058.jpg,coco
000000373199.jpg,coco
000000501269.jpg,coco
000000067440.jpg,coco
000000068805.jpg,coco
000000216863.jpg,coco
000000420883.jpg,coco
000000300368.jpg,coco
000000531956.jpg,coco
000000270338.jpg,coco
000000154210.jpg,coco
000000492851.jpg,coco
000000286953.jpg,coco
000000046882.jpg,coco
000000241301.jpg,coco
000000181168.jpg,coco
000000053315.jpg,coco
000000417016.jpg,coco
000000466211.jpg,coco
000000371890.jpg,coco
000000327970.jpg,coco
000000157186.jpg,coco
000000016905.jpg,coco
000000092335.jpg,coco
000000581921.jpg,coco
000000152176.jpg,coco
000000004172.jpg,coco
000000405613.jpg,coco
000000557596.jpg,coco
000000195525.jpg,coco
000000198163.jpg,coco
000000484666.jpg,coco
000000398493.jpg,coco
000000087680.jpg,coco
000000088094.jpg,coco
000000020305.jpg,coco
000000174554.jpg,coco
000000522758.jpg,coco
000000550313.jpg,coco
000000042339.jpg,coco
000000120052.jpg,coco
000000530337.jpg,coco
000000468751.jpg,coco
000000046950.jpg,coco
000000493243.jpg,coco
000000255708.jpg,coco
000000048743.jpg,coco
000000003488.jpg,coco
000000293713.jpg,coco
000000043513.jpg,coco
000000230932.jpg,coco
000000004567.jpg,coco
000000177818.jpg,coco
000000305895.jpg,coco
000000229688.jpg,coco
000000457817.jpg,coco
000000159233.jpg,coco
000000515229.jpg,coco
000000001431.jpg,coco
000000347051.jpg,coco
000000025722.jpg,coco
000000303897.jpg,coco
000000392192.jpg,coco
000000551074.jpg,coco
000000324513.jpg,coco
000000384328.jpg,coco
000000366811.jpg,coco
000000338894.jpg,coco
000000388992.jpg,coco
000000568948.jpg,coco
000000505477.jpg,coco
000000265781.jpg,coco
000000521382.jpg,coco
000000137824.jpg,coco
000000556966.jpg,coco
000000462492.jpg,coco
000000033300.jpg,coco
000000196706.jpg,coco
000000050740.jpg,coco
000000425742.jpg,coco
000000164572.jpg,coco
000000389855.jpg,coco
000000104444.jpg,coco
000000407061.jpg,coco
000000054124.jpg,coco
000000525303.jpg,coco
000000336058.jpg,coco
000000149498.jpg,coco
000000215107.jpg,coco
000000040643.jpg,coco
000000063866.jpg,coco
000000141809.jpg,coco
000000129864.jpg,coco
000000011487.jpg,coco
000000323149.jpg,coco
000000065292.jpg,coco
000000244530.jpg,coco
000000097561.jpg,coco
000000301266.jpg,coco
000000522834.jpg,coco
000000116663.jpg,coco
000000237327.jpg,coco
000000436707.jpg,coco
000000334760.jpg,coco
000000250599.jpg,coco
000000029151.jpg,coco
000000366489.jpg,coco
000000380636.jpg,coco
000000324962.jpg,coco
000000347877.jpg,coco
000000397772.jpg,coco
000000098350.jpg,coco
000000416653.jpg,coco
000000158887.jpg,coco
000000445071.jpg,coco
000000263828.jpg,coco
000000564447.jpg,coco
000000319654.jpg,coco
000000093644.jpg,coco
000000053754.jpg,coco
000000242547.jpg,coco
000000518932.jpg,coco
000000453491.jpg,coco
000000269577.jpg,coco
000000111583.jpg,coco
000000563302.jpg,coco
000000146676.jpg,coco
000000048014.jpg,coco
000000123378.jpg,coco
000000149921.jpg,coco
000000299190.jpg,coco
000000362812.jpg,coco
000000188920.jpg,coco
000000260181.jpg,coco
000000381856.jpg,coco
000000382784.jpg,coco
000000152819.jpg,coco
000000193714.jpg,coco
000000348684.jpg,coco
000000065860.jpg,coco
000000480634.jpg,coco
000000445135.jpg,coco
000000208506.jpg,coco
000000057050.jpg,coco
000000197951.jpg,coco
000000297540.jpg,coco
000000279491.jpg,coco
000000391053.jpg,coco
000000523274.jpg,coco
000000053465.jpg,coco
000000023446.jpg,coco
000000128833.jpg,coco
000000261558.jpg,coco
000000165464.jpg,coco
000000553285.jpg,coco
000000191265.jpg,coco
000000297843.jpg,coco
000000335366.jpg,coco
000000419587.jpg,coco
000000274907.jpg,coco
000000521471.jpg,coco
000000382695.jpg,coco
000000540554.jpg,coco
000000272007.jpg,coco
000000466083.jpg,coco
000000361027.jpg,coco
000000199177.jpg,coco
000000422520.jpg,coco
000000249804.jpg,coco
000000237835.jpg,coco
000000531441.jpg,coco
000000160743.jpg,coco
000000464372.jpg,coco
000000316605.jpg,coco
000000548936.jpg,coco
000000547730.jpg,coco
000000455809.jpg,coco
000000511550.jpg,coco
000000332397.jpg,coco
000000059547.jpg,coco
000000476939.jpg,coco
000000384617.jpg,coco
000000208165.jpg,coco
000000357799.jpg,coco
000000527229.jpg,coco
000000132997.jpg,coco
000000514685.jpg,coco
000000125077.jpg,coco
000000029320.jpg,coco
000000054254.jpg,coco
000000114108.jpg,coco
000000271828.jpg,coco
000000433662.jpg,coco
000000050939.jpg,coco
000000083257.jpg,coco
000000353835.jpg,coco
000000345212.jpg,coco
000000443405.jpg,coco
000000144862.jpg,coco
000000385305.jpg,coco
000000301648.jpg,coco
000000165883.jpg,coco
000000145898.jpg,coco
000000292537.jpg,coco
000000383154.jpg,coco
000000507312.jpg,coco
000000190554.jpg,coco
000000073093.jpg,coco
000000267779.jpg,coco
000000110482.jpg,coco
000000287794.jpg,coco
000000226617.jpg,coco
000000415776.jpg,coco
000000062109.jpg,coco
000000013020.jpg,coco
000000113140.jpg,coco
000000336101.jpg,coco
000000029312.jpg,coco
000000536950.jpg,coco
000000569431.jpg,coco
000000550766.jpg,coco
000000311284.jpg,coco
000000052090.jpg,coco
000000108841.jpg,coco
000000028759.jpg,coco
000000416385.jpg,coco
000000347772.jpg,coco
000000488720.jpg,coco
000000065280.jpg,coco
000000284703.jpg,coco
000000376697.jpg,coco
000000401948.jpg,coco
000000046512.jpg,coco
000000204887.jpg,coco
000000137304.jpg,coco
000000374270.jpg,coco
000000399626.jpg,coco
000000565460.jpg,coco
000000312033.jpg,coco
000000241565.jpg,coco
000000354237.jpg,coco
000000135287.jpg,coco
000000255988.jpg,coco
000000498061.jpg,coco
000000350686.jpg,coco
000000370701.jpg,coco
000000446726.jpg,coco
000000225562.jpg,coco
000000193824.jpg,coco
000000089882.jpg,coco
000000140088.jpg,coco
000000233877.jpg,coco
000000566276.jpg,coco
000000164250.jpg,coco
000000354094.jpg,coco
000000477115.jpg,coco
000000207479.jpg,coco
000000132515.jpg,coco
000000568882.jpg,coco
000000526576.jpg,coco
000000551654.jpg,coco
000000176397.jpg,coco
000000344762.jpg,coco
000000045959.jpg,coco
000000215982.jpg,coco
000000068777.jpg,coco
000000400332.jpg,coco
000000107800.jpg,coco
000000506058.jpg,coco
000000109591.jpg,coco
000000431113.jpg,coco
000000413225.jpg,coco
000000292529.jpg,coco
000000101312.jpg,coco
000000393858.jpg,coco
000000272312.jpg,coco
000000286051.jpg,coco
000000176587.jpg,coco
000000212346.jpg,coco
000000071815.jpg,coco
000000039083.jpg,coco
000000409701.jpg,coco
000000209089.jpg,coco
000000301918.jpg,coco
000000147337.jpg,coco
000000170716.jpg,coco
000000352980.jpg,coco
000000177407.jpg,coco
000000350825.jpg,coco
000000410283.jpg,coco
000000037012.jpg,coco
000000575461.jpg,coco
000000290282.jpg,coco
000000461870.jpg,coco
000000095812.jpg,coco
000000299920.jpg,coco
000000000459.jpg,coco
000000443296.jpg,coco
000000426175.jpg,coco
000000214727.jpg,coco
000000419724.jpg,coco
000000139359.jpg,coco
000000332705.jpg,coco
000000010472.jpg,coco
000000125555.jpg,coco
000000376224.jpg,coco
000000021641.jpg,coco
000000186026.jpg,coco
000000121519.jpg,coco
000000029913.jpg,coco
000000020276.jpg,coco
000000364016.jpg,coco
000000128586.jpg,coco
000000357010.jpg,coco
000000116827.jpg,coco
000000165063.jpg,coco
000000458275.jpg,coco
000000419210.jpg,coco
000000132760.jpg,coco
000000388533.jpg,coco
000000392319.jpg,coco
000000439871.jpg,coco
000000354575.jpg,coco
000000292647.jpg,coco
000000521752.jpg,coco
000000577891.jpg,coco
000000557829.jpg,coco
000000085247.jpg,coco
000000316138.jpg,coco
000000199632.jpg,coco
000000214199.jpg,coco
000000048478.jpg,coco
000000397207.jpg,coco
000000302415.jpg,coco
000000191078.jpg,coco
000000121393.jpg,coco
000000385280.jpg,coco
000000078929.jpg,coco
000000297765.jpg,coco
000000007583.jpg,coco
000000456344.jpg,coco
000000503567.jpg,coco
000000162650.jpg,coco
000000376573.jpg,coco
000000361359.jpg,coco
000000093175.jpg,coco
000000136700.jpg,coco
000000508129.jpg,coco
000000449712.jpg,coco
000000560505.jpg,coco
000000371365.jpg,coco
000000186788.jpg,coco
000000138599.jpg,coco
000000041568.jpg,coco
000000304390.jpg,coco
000000002613.jpg,coco
000000232198.jpg,coco
000000461535.jpg,coco
000000424327.jpg,coco
000000519916.jpg,coco
000000502866.jpg,coco
000000276639.jpg,coco
000000001911.jpg,coco
000000255573.jpg,coco
000000122350.jpg,coco
000000431340.jpg,coco
000000042404.jpg,coco
000000479081.jpg,coco
000000018866.jpg,coco
000000501242.jpg,coco
000000182556.jpg,coco
000000170882.jpg,coco
000000455363.jpg,coco
000000054527.jpg,coco
000000251922.jpg,coco
000000543025.jpg,coco
000000050177.jpg,coco
000000422542.jpg,coco
000000578255.jpg,coco
000000410966.jpg,coco
000000296067.jpg,coco
000000248012.jpg,coco
000000554021.jpg,coco
000000191577.jpg,coco
000000469232.jpg,coco
000000030712.jpg,coco
000000146626.jpg,coco
000000286492.jpg,coco
000000090646.jpg,coco
000000154345.jpg,coco
000000352235.jpg,coco
000000075965.jpg,coco
000000286033.jpg,coco
000000254821.jpg,coco
000000529670.jpg,coco
000000111714.jpg,coco
